Year_Category,Počet objektivů předního fotoaparátu_cat,Možnost paměťové karty_d,Voděodolný_d,Snímač otisků prstů_d,Rychlonabíjení_d,Dual SIM_d,NFC_d,LTE_d,5G_d,Odemykání obličejem_d,Odolné_d,Typ nabíječky_d,Operační systém_d,Sluchátkový konektor_d,Počet jader procesoru_cat,Paměť RAM_cat,Maximální rozlišení videa_cat,Počet objektivů zadního fotoaparátu_cat,Verze Bluetooth_cat,Uživatelská paměť_cat,Rozlišení fotoaparátu_cat,Kapacita baterie_n,Hmotnost_n,Šířka_n,Frekvence procesoru_n,Velikost displeje_n,RatingH,price,id,Name
0,1,1,1,1,1,1,1,1,1,0,0,1,0,1,3,8,3,3,4,4,18,4500.0,189.0,75.1,2.4,6.5,95.0,9224.0,1,Samsung Galaxy A52s 5G A528B 6GB/128GB
0,1,1,0,1,1,1,1,1,0,1,0,1,0,1,3,10,3,3,4,5,16,5160.0,215.0,76.8,2.96,6.67,94.0,6599.84,2,Poco X3 Pro 8GB/256GB
0,1,0,1,0,1,1,1,1,1,1,1,0,1,0,2,6,3,1,4,4,2,3240.0,174.0,71.5,3.22,6.1,95.0,20869.0,3,Apple iPhone 13 128GB
1,1,1,0,1,1,1,1,1,0,1,0,1,0,1,3,8,3,3,4,4,18,5020.0,209.0,76.68,2.3,6.67,95.0,6414.0,4,Xiaomi Redmi Note 9 Pro 6GB/128GB
0,1,0,0,1,1,1,1,1,1,0,0,1,0,0,3,10,3,2,5,5,16,4520.0,196.0,76.4,3.2,6.67,96.0,8549.0,5,Poco F3 8GB/256GB
1,1,1,0,0,1,1,0,1,0,1,0,0,0,1,3,2,2,0,4,2,3,5000.0,196.0,77.07,2.0,6.53,92.0,3109.0,6,Xiaomi Redmi 9A 2GB/32GB
1,1,0,1,1,1,1,1,1,0,0,1,1,1,0,2,4,3,0,4,3,2,1821.0,148.0,67.3,2.65,4.7,95.0,9803.0,7,Apple iPhone SE (2020) 64GB
0,1,0,1,0,1,1,1,1,1,1,1,1,1,0,2,6,3,1,4,3,2,2227.0,133.0,64.2,2.1738560411311054,5.4,97.0,15354.0,8,Apple iPhone 12 mini 64GB
0,1,0,1,0,1,1,1,1,1,1,1,1,1,0,2,8,3,2,4,4,2,3095.0,203.0,71.5,2.1738560411311054,6.1,93.0,28764.0,9,Apple iPhone 13 Pro 128GB
1,1,0,1,0,1,0,1,1,0,1,1,1,1,0,2,6,3,1,4,3,2,3110.0,194.0,75.7,2.65,6.1,96.0,13964.0,10,Apple iPhone 11 64GB
0,1,1,0,1,1,1,1,1,0,1,0,1,0,1,3,8,3,3,5,4,18,5000.0,177.0,73.9,2.4,6.4,91.0,5876.24,11,Realme 8 6GB/128GB
0,1,0,1,0,1,1,1,1,1,1,1,0,1,0,2,6,3,1,4,4,2,4083.8198433420366,141.0,64.2,3.22,5.4,99.0,19087.0,12,Apple iPhone 13 mini 128GB
0,1,1,0,1,1,1,1,1,0,1,0,1,0,1,3,8,3,3,5,4,18,5000.0,178.8,74.5,2.05,6.43,93.0,6494.0,13,Xiaomi Redmi Note 10S 6GB/128GB
0,1,0,1,0,1,1,1,1,1,1,1,1,1,0,2,6,3,1,4,4,2,2775.0,162.0,71.5,2.1738560411311054,6.1,96.0,17267.0,14,Apple iPhone 12 64GB
0,1,1,0,1,1,1,1,1,0,1,0,1,0,1,3,8,3,3,5,4,19,5020.0,193.0,76.5,2.3,6.67,91.0,8064.0,15,Xiaomi Redmi Note 10 Pro 6GB/128GB
0,1,0,1,0,1,1,1,1,1,1,1,1,1,0,2,8,3,2,4,5,2,3095.0,203.0,71.5,2.1738560411311054,6.1,97.0,26664.0,16,Apple iPhone 13 Pro 256GB
1,1,1,1,1,1,1,1,1,0,1,1,1,0,0,3,8,3,2,4,4,2,4500.0,190.0,74.5,2.73,6.5,94.0,11260.57,17,Samsung Galaxy S20 FE G780F 6GB/128GB Dual SIM
1,1,1,0,1,1,1,0,1,0,1,0,0,0,1,3,6,2,2,4,4,3,5000.0,192.3,76.32,1.8,6.51,86.0,4210.09,18,Vivo Y20s 4GB/128GB
0,1,0,1,1,1,1,1,1,1,0,1,1,0,0,3,10,4,2,4,4,2,4000.0,171.0,71.2,2.9,6.2,95.0,16764.0,19,Samsung Galaxy S21 5G G991B 8GB/128GB
0,1,1,0,1,1,1,1,1,0,1,0,1,0,1,3,6,2,3,5,3,17,5000.0,181.0,75.5,2.0,6.5,76.0,4935.0,20,Xiaomi Redmi 10 4GB/64GB
0,1,1,0,1,1,0,1,1,1,1,0,1,0,0,3,8,3,2,6,4,18,4250.0,158.0,75.73,2.4,6.55,98.0,8153.0,21,Xiaomi 11 Lite 5G NE 6GB/128GB
1,1,0,1,0,1,0,1,1,0,1,1,1,1,0,2,6,3,1,4,4,2,3110.0,194.0,75.7,2.65,6.1,96.0,16034.0,22,Apple iPhone 11 128GB
0,1,1,1,1,1,1,1,1,0,1,1,1,0,1,3,8,3,3,4,4,18,4500.0,189.0,75.1,2.3,6.5,97.0,8961.66,23,Samsung Galaxy A52 A525F 6GB/128GB
1,1,0,1,1,1,1,1,1,0,0,1,1,1,0,2,4,3,0,4,4,2,1821.0,148.0,67.3,2.65,4.7,95.0,11833.0,24,Apple iPhone SE (2020) 128GB
0,1,0,1,0,1,1,1,1,1,1,1,1,1,0,2,6,3,1,4,4,2,2775.0,162.0,71.5,2.1738560411311054,6.1,97.0,19076.0,25,Apple iPhone 12 128GB
0,1,0,1,0,1,1,1,1,1,1,1,1,1,0,2,6,3,1,4,4,2,2227.0,133.0,64.2,2.1738560411311054,5.4,92.0,17307.0,26,Apple iPhone 12 mini 128GB
0,1,1,0,1,1,1,1,1,0,1,0,1,0,1,3,6,2,3,5,4,17,5000.0,181.0,75.5,2.0,6.5,97.0,5431.0,27,Xiaomi Redmi 10 4GB/128GB
0,2,0,0,1,1,0,1,1,1,1,1,1,0,0,3,11,3,2,6,6,2,4400.0,271.0,67.1,2.84,6.2,100.0,38160.0,28,Samsung Galaxy Z Fold3 5G F926B 12GB/512GB
0,1,1,0,1,1,0,1,1,1,1,0,1,0,1,3,6,2,2,4,3,16,5000.0,203.0,76.4,2.2,6.6,92.0,6054.0,29,Samsung Galaxy A22 A226B 5G 4GB/64GB
0,1,1,0,1,1,1,1,1,0,1,0,1,0,1,3,8,3,3,5,3,18,5000.0,178.8,74.5,2.05,6.43,97.0,5849.0,30,Xiaomi Redmi Note 10S 6GB/64GB
1,1,1,0,1,1,1,1,1,0,1,0,0,0,1,3,4,2,1,4,3,3,5000.0,196.0,77.07,2.3,6.53,93.0,4005.0,31,Xiaomi Redmi 9C NFC 3GB/64GB
0,1,1,0,1,1,1,1,1,0,1,0,1,0,1,3,6,2,3,4,4,18,5000.0,184.0,73.6,2.0,6.4,91.0,7312.73,32,Samsung Galaxy A32 SM-A325F 4GB/128GB
1,1,1,0,1,1,1,1,1,0,0,0,1,0,1,3,4,2,3,4,2,16,5000.0,205.0,75.9,2.3,6.5,92.0,4364.0,33,Samsung Galaxy A12 A125F 3GB/32GB
0,1,1,1,0,0,1,1,1,0,0,1,1,0,1,3,6,2,0,4,3,5,3000.0,172.0,71.6,2.0,5.3,89.0,7019.0,34,Samsung Galaxy Xcover 5 G525F 4GB/64GB Dual SIM
0,1,1,0,1,1,1,1,1,0,1,0,1,0,1,3,8,3,3,4,4,16,5160.0,215.0,76.8,2.96,6.67,97.0,5643.94,35,Poco X3 Pro 6GB/128GB
0,1,0,1,1,1,1,1,1,1,0,1,1,0,0,3,11,4,3,6,4,19,5000.0,229.0,75.6,2.9,6.8,83.0,26064.0,36,Samsung Galaxy S21 Ultra 5G G998B 12GB/128GB
0,1,1,0,1,1,1,1,1,1,1,0,1,0,1,3,6,2,2,5,3,16,5000.0,190.0,75.34,2.2,6.5,89.0,5853.0,37,Xiaomi Redmi Note 10 5G 4GB/64GB
1,1,1,0,1,1,1,1,1,0,1,0,1,0,1,3,6,2,3,4,4,16,5000.0,205.0,75.8,2.3,6.5,89.0,5264.0,38,Samsung Galaxy A12 A125F 4GB/128GB
0,1,1,0,1,1,1,0,1,0,1,0,1,0,1,3,4,2,2,4,2,3,5000.0,198.0,75.9,2.35,6.5,85.0,3704.0,39,Samsung Galaxy A03s A037G 3GB/32GB
0,1,0,0,1,1,1,1,1,1,0,0,1,0,0,3,10,3,2,6,4,19,5000.0,203.0,76.9,3.0,6.67,97.0,10423.0,40,Xiaomi 11T 8GB/128GB
0,1,0,1,0,1,1,1,1,0,1,1,1,1,0,2,8,3,2,4,5,2,4352.0,238.0,78.1,2.1738560411311054,6.7,98.0,34864.0,41,Apple iPhone 13 Pro Max 256GB
1,1,1,1,1,1,1,1,1,1,0,1,1,0,0,3,8,3,2,4,4,2,4500.0,190.0,74.5,2.84,6.5,94.0,13024.0,42,Samsung Galaxy S20 FE 5G G781B 6GB/128GB Dual SIM
0,1,0,1,1,0,1,1,1,1,0,1,1,0,0,3,8,3,2,4,4,2,4500.0,177.0,74.5,2.84,6.4,95.0,16864.0,43,Samsung Galaxy S21 FE 5G 6GB/128GB
0,1,1,0,1,1,1,0,1,0,1,0,1,0,1,3,6,2,3,4,3,16,5000.0,186.0,73.6,2.0,6.4,92.0,5564.0,44,Samsung Galaxy A22 A225F 4GB/64GB
0,1,0,1,0,1,1,1,1,1,1,1,0,1,0,2,6,3,1,4,5,2,3240.0,174.0,71.5,3.22,6.1,100.0,24382.0,45,Apple iPhone 13 256GB
0,1,0,1,1,1,0,1,1,1,0,1,1,0,0,3,10,3,1,5,4,2,3300.0,183.0,72.2,2.84,6.7,98.0,21103.0,46,Samsung Galaxy Z Flip3 5G F711B 8GB/128GB
1,1,1,0,1,1,1,1,1,0,1,0,1,0,1,3,6,2,3,4,3,16,5000.0,205.0,75.8,2.3,6.5,92.0,4764.0,47,Samsung Galaxy A12 A125F 4GB/64GB
0,1,1,0,1,1,1,1,1,0,1,0,1,0,1,3,6,2,3,4,3,16,5000.0,212.0,75.9,2.0,6.5,95.0,4648.0,48,Samsung Galaxy M12 M127F 4GB/64GB
0,1,1,0,1,1,1,0,1,1,0,0,1,0,1,3,10,3,2,5,4,18,5000.0,193.0,75.3,2.2,6.58,94.0,7077.79,49,Vivo Y72 5G 8GB/128GB
1,1,1,1,1,1,1,1,1,0,1,1,1,0,1,3,8,3,1,4,4,5,3100.0,150.0,69.9,2.73,5.8,94.0,9833.0,50,Samsung Galaxy S10e G970F 128GB
0,1,1,0,1,1,1,1,1,1,0,0,1,0,1,3,6,2,2,5,4,16,5000.0,193.0,75.3,2.2,6.58,88.0,6318.0,51,Vivo Y52 5G 4GB/128GB
0,1,0,1,0,1,1,1,1,1,1,1,1,1,0,2,8,3,2,4,4,2,4352.0,238.0,78.1,2.1738560411311054,6.7,81.0,32364.0,52,Apple iPhone 13 Pro Max 128GB
0,1,1,0,1,1,1,1,1,0,0,0,1,0,1,3,6,3,3,5,3,18,5000.0,177.0,73.9,2.4,6.4,93.0,5253.0,53,Realme 8 4GB/64GB
1,1,0,1,0,1,0,1,1,0,1,1,1,1,0,2,4,3,0,4,3,2,2942.0,194.0,75.7,2.49,6.1,92.0,11744.0,54,Apple iPhone XR 64GB
0,1,0,0,1,1,1,1,1,1,0,0,1,0,0,3,10,3,3,6,5,19,4300.0,175.0,73.76,2.4,6.57,96.0,11864.0,55,Honor 50 5G 8GB/256GB
0,1,0,1,1,1,1,1,1,1,0,1,1,0,0,3,11,4,3,6,5,19,5000.0,229.0,75.6,2.9,6.8,97.0,27964.0,56,Samsung Galaxy S21 Ultra 5G G998B 12GB/256GB
0,1,1,1,1,1,0,1,1,1,0,1,1,0,1,3,7,3,2,5,4,2,4500.0,169.0,68.0,2.0,6.0,74.0,10963.0,57,Sony Xperia 10 III 5G 6GB/128GB
0,1,1,0,1,1,0,1,1,1,1,0,1,0,0,3,10,3,2,6,4,18,4250.0,158.0,75.73,2.4,6.55,98.0,8324.0,58,Xiaomi 11 Lite 5G NE 8GB/128GB
1,1,1,0,1,1,1,0,1,0,0,0,0,0,1,3,4,2,1,4,3,3,5000.0,196.0,77.07,2.3,6.53,95.0,4204.0,59,Xiaomi Redmi 9C 3GB/64GB
0,1,1,0,1,1,1,0,1,1,1,0,1,0,0,3,8,3,2,6,4,18,4250.0,159.0,75.73,2.4,6.55,94.0,8194.0,60,Xiaomi Mi 11 Lite 5G 6GB/128GB
1,1,1,0,0,0,1,0,1,0,0,0,0,0,0,1,0,1,0,3,0,1,2000.0,134.0,65.7,1.3,5.0,86.0,2294.0,61,Alcatel 1 2019
0,1,1,0,1,1,1,1,1,0,0,0,1,0,1,3,10,3,3,5,4,18,5000.0,177.0,73.9,2.05,6.4,98.0,6206.0,62,Realme 8 8GB/128GB
0,1,1,0,1,1,1,1,1,1,1,0,1,0,1,3,6,2,2,5,4,16,5000.0,190.0,75.34,2.2,6.5,91.0,6124.0,63,Xiaomi Redmi Note 10 5G 4GB/128GB
0,1,0,0,1,0,1,1,1,1,1,0,1,0,1,3,8,3,2,6,4,18,4300.0,174.0,73.5,2.4,6.43,96.0,7324.0,64,Realme GT Master 6GB/128GB
0,1,1,0,1,1,1,1,1,0,0,0,1,0,1,3,8,3,2,4,4,19,6000.0,225.0,75.9,2.3,6.8,94.0,6364.0,65,Motorola Moto G60 6GB/128GB
1,1,1,0,1,1,1,0,1,0,1,0,1,0,1,3,6,2,3,4,3,16,6000.0,198.0,77.3,2.0,6.53,95.0,5094.0,66,Xiaomi Redmi 9T 64GB
0,1,0,0,1,1,1,1,1,1,0,0,1,0,0,3,10,3,2,6,5,19,5000.0,203.0,76.9,3.0,6.67,98.0,11544.0,67,Xiaomi 11T 8GB/256GB
0,1,0,1,0,1,1,1,1,1,1,1,0,1,0,2,6,3,1,4,5,2,4083.8198433420366,141.0,64.2,3.22,5.4,99.0,22123.1,68,Apple iPhone 13 mini 256GB
0,1,0,0,1,1,1,1,1,1,0,0,1,0,0,3,10,3,2,6,4,17,4500.0,189.0,73.2,3.0,6.43,96.0,10423.0,69,OnePlus Nord2 5G 8GB/128GB
0,1,1,0,1,1,1,1,1,1,0,0,1,0,1,3,6,2,2,5,3,16,5000.0,185.0,74.8,2.2,6.5,90.0,5464.0,70,Realme 8 5G 4GB/64GB
0,1,1,0,1,0,1,1,1,1,0,0,1,0,1,3,6,3,3,4,4,16,5000.0,205.0,76.1,2.0,6.5,93.0,7522.11,71,Samsung Galaxy A32 5G A326B 4GB/128GB
0,1,0,1,0,1,1,1,1,1,1,1,1,1,0,2,8,3,2,4,4,2,2775.0,187.0,71.5,3.1,6.1,96.0,26764.0,72,Apple iPhone 12 Pro 128GB
0,1,0,1,1,1,1,1,1,1,0,1,1,0,0,3,10,4,2,4,5,2,4000.0,171.0,71.2,2.9,6.2,93.0,19038.0,73,Samsung Galaxy S21 5G G991B 8GB/256GB
1,1,1,1,1,0,1,0,1,0,0,0,1,0,1,3,6,3,1,4,4,3,5000.0,200.0,75.9,2.0,6.51,93.0,3664.0,74,Motorola Moto E7 Power
1,1,0,1,1,1,0,1,1,0,0,1,1,1,0,2,2,3,0,4,3,2,1821.0,148.0,67.3,2.1,4.7,94.0,7823.0,75,Apple iPhone 8 64GB
1,1,0,1,0,1,0,1,1,0,1,1,1,1,0,2,4,3,0,4,4,2,2942.0,194.0,75.7,2.49,6.1,93.0,13324.0,76,Apple iPhone XR 128GB
1,1,1,0,1,0,1,0,1,0,1,0,0,0,1,3,4,2,1,4,2,3,5000.0,191.0,76.32,1.8,6.51,93.0,3364.0,77,Vivo Y11s 3GB/32GB
1,1,1,0,1,0,1,1,1,0,1,0,0,0,1,3,4,2,2,4,3,3,5000.0,185.0,74.06,2.0,6.3,84.0,4139.0,78,Huawei Y6P Dual SIM
0,1,0,1,1,1,0,1,1,1,0,1,1,0,0,3,10,3,1,5,5,2,3300.0,183.0,72.2,2.84,6.7,97.0,23162.0,79,Samsung Galaxy Z Flip3 5G F711B 8GB/256GB
1,1,1,0,1,1,1,1,1,0,1,0,1,0,1,3,6,2,3,4,4,16,5020.0,199.0,77.2,2.0,6.53,94.0,5364.0,80,Xiaomi Redmi Note 9 4GB/128GB
0,1,1,0,1,1,1,1,1,0,1,0,1,0,1,3,10,2,2,4,4,17,5000.0,182.0,76.1,2.0,6.58,96.0,5864.0,81,Vivo Y33s 8GB/128GB
1,1,1,0,1,1,1,0,1,0,1,0,1,0,1,3,8,2,3,4,4,16,4200.0,183.0,76.3,2.27,6.4,82.0,5871.0,82,Huawei P40 Lite 6GB/128GB Dual SIM
0,1,1,0,1,1,0,0,1,0,1,0,1,0,1,3,6,2,3,4,4,16,5000.0,186.0,73.6,2.0,6.4,88.0,5964.0,83,Samsung Galaxy A22 A225F 4GB/128GB
0,1,0,0,1,1,1,1,1,1,0,0,1,0,0,3,11,3,2,6,5,17,4500.0,189.0,73.2,3.0,6.43,100.0,12164.0,84,OnePlus Nord2 5G 12GB/256GB
0,1,0,1,1,1,1,1,1,1,0,1,1,0,0,3,10,4,2,4,5,18,4800.0,202.0,75.6,2.9,6.7,92.0,20524.0,85,Samsung Galaxy S21+ 5G G996B 8GB/256GB
1,1,1,0,1,1,1,1,1,0,1,0,1,0,1,3,8,3,3,4,3,18,5020.0,209.0,76.68,2.3,6.67,95.0,5954.0,86,Xiaomi Redmi Note 9 Pro 6GB/64GB
0,1,0,0,1,1,1,1,1,1,0,0,1,0,0,3,8,3,3,6,4,19,4300.0,175.0,73.76,2.4,6.57,88.0,10273.0,87,Honor 50 5G 6GB/128GB
1,1,0,1,0,1,0,1,1,0,0,1,1,1,0,2,6,3,2,4,3,2,3046.0,188.0,71.4,2.65,5.8,97.0,14864.0,88,Apple iPhone 11 Pro 64GB
1,1,1,1,1,1,1,0,1,0,1,1,1,0,0,3,6,2,2,3,3,3,8000.0,300.0,74.2,2.0,5.5,85.0,4173.0,89,Oukitel WP5 Pro
1,1,1,0,1,0,1,0,1,0,1,0,0,0,1,3,5,2,2,4,3,3,5000.0,190.0,76.4,2.3,6.5,91.0,3864.0,90,Realme C21 4GB/64GB
1,1,1,0,1,1,1,1,1,0,1,0,0,0,1,3,2,2,1,4,2,3,5000.0,196.0,77.07,2.3,6.53,94.0,3619.0,91,Xiaomi Redmi 9C NFC 2GB/32GB
0,1,0,0,1,1,1,1,1,1,0,0,1,0,0,3,8,3,2,5,4,16,4520.0,196.0,76.4,3.2,6.67,95.0,7555.74,92,Poco F3 6GB/128GB
1,1,1,0,1,1,1,1,1,1,1,0,1,0,1,3,6,3,2,5,4,16,5000.0,199.0,77.3,2.4,6.53,94.0,6771.0,93,Xiaomi Redmi Note 9T 128GB
1,1,1,0,1,1,1,1,1,0,0,0,1,0,1,3,10,3,2,4,4,16,4100.0,171.0,74.08,2.0,6.44,92.0,5371.0,94,Vivo Y70 8GB/128GB
1,1,1,1,1,1,1,1,1,1,1,1,1,0,0,3,11,4,2,4,5,19,4500.0,208.0,77.2,2.73,6.9,93.0,25372.0,95,Samsung Galaxy Note20 Ultra N986B 5G 12GB/256GB
1,1,0,1,1,0,0,1,1,0,0,1,1,1,0,1,2,3,0,3,4,2,1960.0,138.0,67.1,2.34,4.7,94.0,6544.0,96,Apple iPhone 7 128GB
0,1,1,0,1,1,1,1,1,0,1,0,1,0,1,3,6,2,3,4,4,16,5000.0,214.0,75.9,2.0,6.5,92.0,5264.0,97,Samsung Galaxy M12 M127F 4GB/128GB
0,1,1,1,1,1,1,1,1,0,0,1,1,0,1,3,10,2,3,4,4,5,8500.0,310.0,83.6,2.1,6.39,87.0,7664.0,98,Doogee S97 Pro
0,1,1,0,1,1,0,1,1,1,1,0,1,0,1,3,6,2,2,4,4,16,5000.0,203.0,76.4,2.2,6.6,97.0,6764.0,99,Samsung Galaxy A22 A226B 5G 4GB/128GB
0,1,0,1,0,1,1,1,1,1,1,1,1,1,0,2,8,3,2,4,6,2,3095.0,203.0,71.5,2.1738560411311054,6.1,90.0,37357.0,100,Apple iPhone 13 Pro 512GB
1,1,1,1,1,1,1,1,1,0,1,1,1,0,1,3,8,3,3,5,4,18,5160.0,215.0,76.8,2.3,6.67,95.0,6651.0,101,Poco X3 6GB/128GB
0,1,1,0,1,1,1,1,1,0,1,0,1,0,1,3,10,3,3,5,4,19,5020.0,193.0,76.5,2.3,6.67,94.0,9264.0,102,Xiaomi Redmi Note 10 Pro 8GB/128GB
1,1,1,0,1,1,1,1,1,0,1,0,1,0,1,3,6,2,3,4,3,5,5000.0,190.0,75.0,2.0,6.52,88.0,3864.0,103,ALCATEL 5061K 3X 2020 4GB/64GB
0,1,1,1,1,1,1,1,1,0,0,1,1,0,1,3,8,2,3,4,4,18,5000.0,197.0,75.73,2.0,6.5,88.0,5561.0,104,Motorola Moto G30 6GB/128GB
1,1,1,0,1,0,1,0,1,0,0,0,1,0,1,3,2,2,1,3,2,3,5000.0,200.0,75.9,1.6,6.5,87.0,3064.0,105,Motorola Moto E7i Power 2GB/32GB Dual Sim
0,1,0,1,0,1,1,1,1,1,1,1,1,1,0,2,8,3,2,4,5,2,2775.0,187.0,71.5,3.1,6.1,94.0,25242.49,106,Apple iPhone 12 Pro 256GB
0,1,1,0,1,0,1,1,1,1,1,0,1,0,1,3,6,2,2,5,4,16,5000.0,185.0,74.8,2.2,6.5,100.0,5869.0,107,Realme Narzo 30 5G 4GB/128GB
1,1,1,0,1,1,1,0,1,0,0,0,1,0,1,3,6,3,3,3,3,16,4000.0,190.0,75.3,2.0,6.3,93.0,5568.0,108,Xiaomi Redmi Note 8 4GB/64GB
1,1,1,0,1,1,1,0,1,0,1,0,1,0,1,3,6,2,3,4,3,3,5020.0,198.0,77.01,2.0,6.53,94.0,4764.0,109,Xiaomi Redmi 9 4GB/64GB Dual SIM
0,1,0,1,0,1,1,1,1,1,1,1,1,1,0,2,6,3,1,4,5,2,2227.0,133.0,64.2,2.1738560411311054,5.4,94.0,20523.0,110,Apple iPhone 12 mini 256GB
0,1,1,0,1,0,1,1,1,1,0,0,1,0,1,3,6,3,3,4,3,16,5000.0,205.0,76.1,2.0,6.5,98.0,6601.89,111,Samsung Galaxy A32 5G A326B 4GB/64GB
1,1,1,0,1,1,1,0,1,0,0,0,0,0,1,3,6,2,1,4,3,16,5000.0,200.0,75.73,1.8,6.5,94.0,3864.0,112,Motorola Moto E7 Plus 4GB/64GB Dual SIM
1,1,1,0,1,1,1,1,1,0,1,0,1,0,1,3,4,2,3,4,3,16,5020.0,199.0,77.2,2.0,6.53,91.0,4973.0,113,Xiaomi Redmi Note 9 3GB/64GB
1,1,1,1,1,1,1,1,1,1,0,0,1,0,1,3,9,3,3,4,5,14,4500.0,189.0,75.1,2.4,6.5,90.0,12263.0,114,Samsung Galaxy A52s 5G A528B 8GB/256GB
1,1,1,0,1,0,1,0,1,0,1,0,0,0,1,3,3,2,2,4,2,3,5000.0,190.0,76.4,2.3,6.5,84.0,3363.0,115,Realme C21 3GB/32GB
1,1,1,1,1,1,1,1,1,0,0,0,1,0,0,3,10,4,2,4,4,18,4000.0,163.0,69.1,2.7,6.2,94.0,14762.0,116,Samsung Galaxy S20 G980F 8GB/128GB Dual SIM
1,1,1,0,0,0,1,0,1,0,1,0,0,0,1,1,2,2,1,3,1,1,2700.0,154.0,66.5,1.3,5.5,75.0,2540.0,117,UleFone Note 8P 2GB/16GB
0,1,1,0,1,1,1,1,1,0,0,0,1,0,1,3,10,3,3,4,4,19,4500.0,176.0,73.9,2.3,6.4,94.0,7271.0,118,Realme 8 Pro 8GB/128GB
0,1,0,0,1,1,1,0,1,1,1,0,1,0,0,3,10,4,2,6,5,19,4600.0,196.0,74.6,2.84,6.81,92.0,19064.0,119,Xiaomi Mi 11 8GB/256GB
0,1,1,0,1,1,1,0,1,0,1,0,1,0,1,3,6,3,3,4,4,16,5000.0,178.8,74.5,2.2,6.43,95.0,6364.0,120,Xiaomi Redmi Note 10 4GB/128GB
1,1,1,0,1,0,1,1,1,0,0,0,1,0,1,3,6,2,1,3,3,5,3000.0,145.0,71.2,2.36,5.84,93.0,4284.0,121,Huawei P20 Lite 4GB/64GB Dual SIM
1,1,0,1,0,1,0,1,1,0,0,1,1,1,0,2,4,3,1,4,3,2,2716.0,174.0,70.9,2.39,5.8,90.0,13704.0,122,Apple iPhone X 64GB
0,1,1,0,1,1,1,1,1,1,0,0,1,0,0,3,10,3,2,5,4,18,4000.0,177.0,73.9,2.4,6.44,97.0,9467.54,123,vivo V21 5G
1,1,0,1,1,0,0,1,1,0,0,1,1,1,0,1,2,3,0,3,2,2,1960.0,138.0,67.1,2.34,4.7,94.0,6143.0,124,Apple iPhone 7 32GB
1,1,1,1,0,1,1,1,1,0,0,1,0,0,1,1,4,2,0,4,2,3,4200.0,220.0,77.2,1.8,5.5,98.0,6664.0,125,Caterpillar CAT S42
0,1,1,1,1,1,1,1,1,1,1,1,1,0,1,3,8,3,3,4,4,18,4500.0,189.0,75.1,2.2,6.5,92.0,9976.0,126,Samsung Galaxy A52 5G A526F 6GB/128GB
0,1,1,0,1,1,1,0,1,1,1,0,1,0,0,3,10,3,2,6,4,18,4250.0,159.0,75.73,2.4,6.55,97.0,8070.58,127,Xiaomi Mi 11 Lite 5G 8GB/128GB
0,1,1,0,1,1,1,1,1,0,0,0,1,0,1,3,6,2,2,4,4,17,5000.0,182.0,76.1,2.0,6.51,79.0,5165.99,128,vivo Y21s 4GB/128GB
1,1,0,0,1,1,0,1,1,0,0,0,1,1,1,0,2,3,0,4,4,2,4083.8198433420366,113.0,58.6,1.84,4.0,94.0,5373.0,129,Apple iPhone SE 128GB
0,1,0,1,0,1,1,1,1,1,1,1,1,1,0,2,6,3,1,4,5,2,2775.0,162.0,71.5,2.1738560411311054,6.1,88.0,21601.0,130,Apple iPhone 12 256GB
1,1,1,0,1,1,1,0,1,0,1,0,1,0,1,3,4,2,3,4,2,3,5020.0,198.0,77.01,2.0,6.53,90.0,4664.0,131,Xiaomi Redmi 9 3GB/32GB Dual SIM
0,1,0,1,0,1,1,1,1,1,1,1,1,1,0,2,8,3,2,4,4,2,3687.0,226.0,78.1,3.1,6.7,97.0,28132.87,132,Apple iPhone 12 Pro Max 128GB
1,1,1,0,1,1,1,1,1,0,1,0,1,0,1,3,10,2,3,4,4,18,4500.0,182.0,74.3,2.3,6.4,90.0,6664.0,133,Realme 7 Pro 8GB/128GB
0,1,0,1,1,1,1,1,1,1,0,1,1,0,0,3,10,4,2,4,4,18,4800.0,202.0,75.6,2.9,6.7,93.0,20734.0,134,Samsung Galaxy S21+ 5G G996B 8GB/128GB
0,1,1,1,1,1,1,1,1,1,0,1,1,0,1,3,11,3,2,6,5,2,4500.0,186.0,71.0,2.84,6.5,100.0,30864.0,135,Sony Xperia 1 III 5G 12GB/256GB
0,1,1,0,1,1,1,1,1,1,1,0,1,0,1,3,7,2,2,5,4,16,5000.0,190.0,75.34,2.2,6.5,91.0,6364.0,136,Poco M3 Pro 5G 6GB/128GB
1,1,0,1,0,1,1,1,1,0,0,1,1,1,0,2,6,3,1,4,3,2,2658.0,177.0,70.9,2.49,5.8,96.0,15724.0,137,Apple iPhone XS 64GB
1,1,0,1,1,1,1,1,1,0,1,1,1,0,0,3,10,4,2,4,5,2,4300.0,192.0,75.2,2.73,6.7,96.0,20871.0,138,Samsung Galaxy Note20 N980F 8GB/256GB
0,1,1,0,1,1,1,1,1,1,0,0,1,0,1,3,8,2,2,5,4,16,5000.0,185.0,74.8,2.2,6.5,91.0,6956.25,139,Realme 8 5G 6GB/128GB
0,1,0,1,0,1,1,1,1,1,1,1,1,1,0,2,8,3,2,4,6,2,2775.0,187.0,71.5,3.1,6.1,99.0,26887.42,140,Apple iPhone 12 Pro 512GB
0,1,1,1,1,1,1,1,1,0,1,1,1,0,1,3,8,2,3,3,4,16,5000.0,250.0,79.9,2.0,6.3,81.0,5773.0,141,Umidigi Bison
0,1,1,1,0,0,1,1,1,0,1,1,0,0,1,3,10,3,3,4,5,16,13200.0,187.86045340050384,85.38,2.0,6.81,97.0,9074.0,142,UleFone Power Armor 13
1,1,1,1,1,0,1,0,1,0,1,1,0,0,1,3,6,2,2,1,4,5,4000.0,204.0,78.3,2.4,6.6,77.0,3748.0,143,FiGi Note 1 Pro 128GB
1,1,1,0,1,1,1,0,1,0,1,0,1,0,1,3,6,2,3,4,4,16,6000.0,198.0,77.3,2.0,6.53,93.0,5864.0,144,Xiaomi Redmi 9T 128GB
1,1,0,1,0,1,0,1,1,0,0,1,1,1,0,2,4,3,1,4,5,2,2716.0,174.0,70.9,2.39,5.8,91.0,12724.0,145,Apple iPhone X 256GB
1,1,1,0,1,0,1,0,0,0,0,0,0,0,1,1,0,1,0,1,1,3,2800.0,193.0,77.0,1.3,6.0,86.0,2661.0,146,Aligator S6000 Duo
1,1,0,1,1,0,1,1,1,0,1,1,1,0,1,3,8,2,2,3,4,1,8000.0,321.0,76.2,2.0,5.86,98.0,5231.95,147,OUKITEL WP9
1,1,1,1,1,1,1,1,1,0,1,1,1,0,1,3,8,2,2,4,4,9,10000.0,372.0,85.5,2.0,6.3,91.0,6264.0,148,Doogee S88 Pro 6GB/128GB
1,1,1,0,1,1,1,1,1,0,0,0,1,0,1,3,6,3,3,4,4,16,4000.0,172.0,73.6,2.3,6.5,94.0,8564.0,149,Samsung Galaxy A51 A515F 4GB/128GB Dual SIM
1,1,1,0,1,0,1,0,1,0,1,0,0,0,1,3,2,3,0,4,2,1,2500.0,175.0,73.0,2.1738560411311054,5.5,81.0,3053.0,150,Aligator S5540 Senior
1,1,0,1,1,1,1,1,1,0,0,1,1,1,0,2,4,3,0,4,5,2,1821.0,148.0,67.3,2.65,4.7,93.0,13543.0,151,Apple iPhone SE (2020) 256GB
1,1,1,0,1,1,1,1,1,0,1,0,1,0,1,3,4,2,1,4,2,3,3000.0,141.0,69.7,1.6,5.8,91.0,5364.0,152,Samsung Galaxy A20e A202F Dual SIM
1,1,1,1,1,1,1,1,1,1,0,1,1,0,0,3,10,3,2,4,5,2,4500.0,190.0,74.5,2.84,6.5,77.0,15864.0,153,Samsung Galaxy S20 FE 5G G781B 8GB/256GB Dual SIM
0,1,1,0,1,1,1,1,1,1,1,0,1,0,1,3,5,2,2,5,3,16,5000.0,190.0,75.34,2.2,6.5,100.0,5664.0,154,Poco M3 Pro 5G 4GB/64GB
1,1,1,1,1,1,1,1,1,0,0,0,1,0,0,3,10,4,3,4,4,18,4500.0,186.0,73.7,2.7,6.7,90.0,17864.0,155,Samsung Galaxy S20+ G985F 8GB/128GB Dual SIM
1,1,1,0,1,0,1,0,1,0,1,0,0,0,1,1,2,3,0,1,2,3,3500.0,190.0,77.0,2.0,6.5,92.0,3272.0,156,Aligator S6500 Duo
1,2,1,1,1,1,1,1,1,1,1,1,1,0,0,3,10,3,3,5,5,17,4200.0,209.0,72.6,2.86,6.58,93.0,19854.0,157,Huawei P40 Pro 8GB/256GB Dual SIM
0,1,0,0,1,1,1,1,1,1,1,0,1,0,0,3,10,3,3,4,4,16,4500.0,188.0,74.1,1.8,6.55,96.0,11395.59,158,OnePlus 8T 8GB/128GB
1,1,0,0,1,0,0,1,1,0,0,0,1,1,1,0,2,3,0,3,2,2,4083.8198433420366,113.0,58.6,1.84,4.0,94.0,4569.0,159,Apple iPhone SE 32GB
1,1,1,0,1,1,1,0,1,0,1,0,1,0,1,3,6,2,3,5,4,16,5000.0,206.0,76.88,2.0,6.67,74.0,5664.0,160,Huawei P Smart 2021 Dual SIM
1,1,1,0,1,1,1,0,1,0,1,0,1,0,1,3,6,2,2,4,3,16,6000.0,208.0,75.9,2.0,6.5,88.0,4983.41,161,Realme 7i 4GB/64GB
1,1,1,1,0,0,1,0,1,0,1,1,1,0,0,1,4,2,0,3,2,3,3000.0,123.0,58.0,2.0,4.0,85.0,3449.0,162,Cubot King Kong Mini 2
1,1,1,0,1,0,1,0,1,0,0,0,0,0,1,3,2,2,1,3,2,3,3000.0,160.0,73.0,1.6,6.1,85.0,3063.0,163,Motorola Moto E6i 2GB/32GB Dual SIM
1,1,1,1,1,1,1,1,1,0,0,1,0,0,1,3,6,2,1,4,3,13,4050.0,218.0,76.7,2.3,6.3,83.0,10344.0,164,Samsung Galaxy Xcover Pro G715 4GB/64GB Dual SIM
1,1,1,0,1,1,1,1,1,1,1,0,1,0,1,3,8,3,3,5,4,18,4820.0,214.5,76.8,2.2,6.67,96.0,7264.0,165,Xiaomi Mi 10T Lite 6GB/128GB
2,0,1,1,0,1,0,1,1,0,0,1,0,0,1,3,6,3,0,3,2,2,3000.0,152.0,69.6,2.3,5.1,93.0,6414.0,166,Samsung Galaxy S7 G930F 32GB
0,1,1,0,1,1,1,1,1,0,1,0,1,0,1,3,8,3,3,5,3,19,5020.0,193.0,76.5,2.3,6.67,97.0,7864.0,167,Xiaomi Redmi Note 10 Pro 6GB/64GB
0,1,1,0,1,1,1,1,1,0,1,0,1,0,1,3,6,2,3,4,3,5,5000.0,206.0,77.1,1.8,6.82,87.0,4164.0,168,TCL 20SE
1,1,0,0,1,0,0,1,1,0,0,0,1,1,1,0,2,3,0,3,4,2,4083.8198433420366,143.0,67.1,1.84,4.7,92.0,5169.0,169,Apple iPhone 6S 128GB
0,1,0,1,0,1,1,1,1,1,1,1,1,1,0,2,8,3,2,4,5,2,3687.0,226.0,78.1,3.1,6.7,97.0,28484.18,170,Apple iPhone 12 Pro Max 256GB
1,1,1,1,1,1,1,1,1,0,1,1,1,0,1,3,10,3,2,4,4,5,3300.0,157.0,70.4,2.73,6.1,94.0,16184.0,171,Samsung Galaxy S10 G973F 128GB
1,1,0,0,1,1,1,1,1,1,1,0,1,0,0,3,8,4,2,5,4,18,5000.0,216.0,76.4,2.84,6.67,92.0,9573.0,172,Xiaomi Mi 10T 6GB/128GB
1,1,1,0,0,0,1,1,1,0,1,0,0,0,1,3,2,2,0,4,2,3,5000.0,194.0,77.07,2.0,6.5,82.0,3434.0,173,Xiaomi Redmi 9AT 2GB/32GB
0,1,0,1,1,1,1,1,1,1,0,1,1,0,1,3,10,4,1,6,4,18,4000.0,169.0,68.5,2.84,5.9,71.0,16863.0,174,ASUS Zenfone 8 8GB/128GB
1,1,0,0,1,1,1,1,1,1,1,0,1,0,0,3,10,4,2,5,4,18,5000.0,216.0,76.4,2.84,6.67,92.0,9364.0,175,Xiaomi Mi 10T 8GB/128GB
1,1,1,0,1,1,1,1,1,0,0,0,1,0,1,3,6,2,1,4,3,5,3100.0,140.0,69.2,1.8,5.9,90.0,8083.0,176,Samsung Galaxy A40 A405F Dual SIM
0,1,1,1,1,1,1,1,1,0,1,1,1,0,1,3,10,3,3,4,5,18,4500.0,189.0,75.1,2.3,6.5,96.0,10164.0,177,Samsung Galaxy A52 A525F 8GB/256GB
1,1,1,0,0,0,1,0,0,0,0,0,0,0,1,1,0,3,0,1,1,3,2800.0,193.0,77.0,1.3,6.0,89.0,2775.0,178,Aligator S6000 Senior
1,1,1,1,1,1,1,1,1,0,0,1,1,0,1,3,8,3,3,5,3,18,5160.0,215.0,76.8,2.3,6.67,96.0,5871.0,179,Poco X3 6GB/64GB
1,1,1,1,1,1,1,1,1,0,1,1,0,0,1,3,6,2,1,4,3,3,4650.0,238.0,79.4,1.8,5.45,88.0,4159.0,180,Doogee S40 Pro
1,1,1,0,1,0,1,0,1,0,1,0,0,0,1,1,2,3,1,3,2,1,2500.0,175.0,73.0,1.5,5.5,84.0,2823.0,181,Aligator S5540 Duo
1,1,0,1,1,1,0,1,1,0,0,1,1,1,0,2,4,3,1,4,3,2,2691.0,202.0,78.1,2.1,5.5,94.0,10844.0,182,Apple iPhone 8 Plus 64GB
1,1,1,1,0,1,1,1,1,0,0,1,0,0,1,1,4,1,0,4,2,3,5000.0,263.0,76.9,2.0,5.5,91.0,5165.99,183,myPhone Hammer Energy 2
1,1,1,1,1,0,1,1,1,0,1,1,1,0,1,3,10,3,3,4,4,16,6350.0,310.0,81.4,2.0,6.22,96.0,7412.0,184,Doogee S96 PRO 8GB/128GB Dual SIM
0,1,1,1,1,1,1,1,1,0,0,1,1,0,1,3,6,2,3,4,3,16,5000.0,200.0,75.73,1.8,6.5,96.0,4464.0,185,Motorola Moto G10 4GB/64GB
1,1,0,0,1,1,1,1,1,1,1,0,1,0,0,3,10,4,2,5,4,19,5000.0,218.0,76.4,2.84,6.67,93.0,13864.0,186,Xiaomi Mi 10T Pro 8GB/128GB
1,1,0,0,1,1,0,1,1,0,0,0,1,1,1,0,2,3,0,4,3,2,4083.8198433420366,113.0,58.6,1.84,4.0,93.0,4873.0,187,Apple iPhone SE 64GB
2,0,1,1,1,1,0,1,1,0,0,1,0,0,1,3,2,3,2,2,2,11,2700.0,138.0,64.7,2.0,4.6,90.0,4234.0,188,Sony Xperia Z5 Compact
1,1,0,0,1,1,1,1,1,0,1,0,1,0,1,3,8,3,3,4,3,18,5260.0,204.0,74.2,2.2,6.47,93.0,7673.0,189,Xiaomi Mi Note 10 Lite 6GB/64GB
1,1,1,1,1,0,1,1,1,0,1,0,0,0,1,3,2,2,1,4,2,3,4500.0,195.0,76.3,2.0,6.5,86.0,3373.0,190,Nokia 2.4 2GB/32GB Dual SIM
2,1,1,1,1,1,0,1,1,0,1,0,1,0,1,3,6,3,0,4,3,2,3000.0,155.0,68.1,2.3,5.8,95.0,10824.0,191,Samsung Galaxy S8 G950F 64GB
1,1,1,0,1,1,1,0,1,0,0,0,0,0,1,3,2,2,1,4,2,3,5000.0,196.0,77.07,2.3,6.53,92.0,3864.0,192,Xiaomi Redmi 9C 2GB/32GB
1,1,0,1,0,1,0,1,1,0,1,1,1,1,0,2,6,3,2,4,5,2,3969.0,188.0,71.4,2.65,5.8,97.0,25433.0,193,Apple iPhone 11 Pro 256GB
0,1,0,0,0,1,1,1,1,1,1,0,1,0,1,3,11,3,2,6,5,18,4500.0,186.0,73.3,2.84,6.43,98.0,13764.0,194,Realme GT 5G 12GB/256GB
2,1,1,0,1,1,1,1,1,0,0,0,1,0,1,3,6,3,1,3,3,7,3200.0,155.0,70.9,2.4,5.15,93.0,5524.0,195,Honor 9 4GB/64GB Dual SIM
0,1,1,0,1,1,1,0,1,0,1,0,1,0,0,3,8,3,2,5,4,18,4250.0,157.0,75.73,2.3,6.55,90.0,8064.0,196,Xiaomi Mi 11 Lite 4G 6GB/128GB
2,0,1,1,0,1,0,1,1,0,0,1,0,0,1,3,6,3,2,3,2,2,3600.0,157.0,72.6,2.3,5.5,94.0,6693.0,197,Samsung Galaxy S7 Edge G935F 32GB
1,1,1,0,1,1,1,1,1,0,1,0,1,0,1,3,6,3,3,3,3,16,4000.0,199.8,75.4,2.0,6.3,93.0,5862.0,198,Xiaomi Redmi Note 8T 4GB/64GB
1,1,0,0,1,1,0,1,1,1,1,0,1,0,0,3,10,4,3,5,4,19,4780.0,208.0,74.8,2.84,6.67,95.0,15119.0,199,Xiaomi Mi 10 8GB/128GB
1,1,1,0,1,1,1,1,1,1,1,0,1,0,1,3,8,2,3,5,4,18,4300.0,190.0,74.7,2.0,6.49,91.0,6863.0,200,OnePlus Nord N10 5G 6GB/128GB
1,1,1,0,0,0,1,0,1,0,1,0,0,0,1,3,2,2,0,4,2,1,3020.0,144.0,70.94,2.0,5.45,75.0,3163.0,201,Huawei Y5P Dual SIM
1,1,1,0,1,1,1,1,1,0,0,1,1,0,1,3,8,2,2,4,3,5,5180.0,284.0,81.0,2.0,5.71,88.0,4719.0,202,Doogee S58 PRO 6GB/64GB
1,1,0,1,0,1,0,1,1,0,0,1,1,1,0,2,6,3,2,4,3,2,3969.0,226.0,77.8,2.65,6.5,98.0,19651.0,203,Apple iPhone 11 Pro Max 64GB
1,1,1,1,1,0,1,1,1,1,1,1,1,0,0,3,10,3,2,5,5,16,5280.0,270.0,80.0,2.0,6.3,95.0,11850.0,204,iGET Blackview GBL6000 Pro
1,1,1,0,1,1,1,1,1,0,1,0,1,0,1,3,8,3,3,4,4,18,4500.0,199.8,76.4,2.05,6.53,96.0,7114.0,205,Xiaomi Redmi Note 8 Pro 6GB/128GB
1,1,0,1,0,1,0,1,1,0,1,1,1,1,0,2,6,3,1,4,5,2,3110.0,194.0,75.7,2.65,6.1,98.0,21623.0,206,Apple iPhone 11 256GB
1,1,1,0,1,1,1,1,1,0,1,0,1,0,1,3,6,3,3,3,3,16,4000.0,180.0,76.0,2.0,6.39,90.0,4763.0,207,Nokia 5.4 4GB/64GB
1,1,1,0,1,0,1,0,1,0,1,0,1,0,1,3,4,2,2,3,3,3,4000.0,180.0,75.99,1.8,6.39,80.0,4163.0,208,Nokia 3.4 3GB/64GB Dual SIM
1,1,0,1,1,0,0,1,1,0,0,1,1,1,0,2,2,3,0,4,5,2,1821.0,148.0,67.3,2.1,4.7,98.0,8864.0,209,Apple iPhone 8 256GB
1,1,0,0,1,1,1,1,1,0,1,0,1,0,1,3,8,3,2,4,4,15,3650.0,165.0,71.36,2.6,6.1,94.0,13859.0,210,Huawei P30 6GB/128GB Dual SIM
1,1,1,1,1,1,1,1,1,1,0,0,1,0,0,3,11,4,3,4,4,19,5000.0,220.0,76.0,2.7,6.9,94.0,25692.0,211,Samsung Galaxy S20 Ultra 5G G988B 12GB/128GB Dual SIM
2,0,1,1,1,1,0,1,1,0,0,0,1,0,1,2,4,2,2,3,2,11,2700.0,135.0,65.0,1.8,4.6,92.0,4834.0,212,Sony Xperia X Compact
1,1,0,0,1,0,0,1,1,0,0,0,1,1,1,0,2,3,0,3,2,2,4083.8198433420366,143.0,67.1,1.84,4.7,94.0,4769.0,213,Apple iPhone 6S 32GB
1,1,1,1,0,0,1,0,0,0,1,1,1,0,1,1,2,3,1,3,1,3,3100.0,144.0,63.0,1.3,5.5,85.0,2686.0,214,Cubot Note 7 16GB
2,0,1,1,1,1,0,1,1,0,0,1,1,0,1,3,4,2,0,3,2,5,3000.0,159.0,71.4,1.9,5.2,93.0,5214.0,215,Samsung Galaxy A5 2017 A520F
1,1,0,1,1,1,0,1,1,0,0,1,1,1,0,2,2,3,0,4,4,2,1821.0,148.0,67.3,2.1,4.7,91.0,7954.0,216,Apple iPhone 8 128GB
1,1,1,1,1,1,1,1,1,0,1,1,1,0,0,3,8,3,3,4,4,16,4380.0,273.0,78.3,2.2,5.84,96.0,14163.0,217,iGET Blackview GBV9900 Pro
1,2,1,1,1,1,1,1,1,0,1,1,1,0,1,3,10,3,2,4,4,5,4100.0,175.0,74.1,2.73,6.4,97.0,16464.0,218,Samsung Galaxy S10 Plus G975F 128GB
1,1,0,0,1,1,1,1,1,1,1,0,1,0,0,3,10,4,2,5,5,19,5000.0,218.0,76.4,2.84,6.67,96.0,13361.0,219,Xiaomi Mi 10T Pro 8GB/256GB
2,0,1,0,0,0,1,1,1,0,0,0,0,0,1,1,2,2,2,2,1,3,3100.0,158.0,72.3,1.2,5.2,90.0,3454.0,220,Samsung Galaxy J5 2016 J510F Dual SIM
1,1,1,0,1,0,1,0,1,0,1,0,1,0,1,3,2,2,1,4,2,16,4000.0,180.0,75.7,2.0,6.5,98.0,3265.66,221,Motorola Moto E7 2GB/32GB
1,1,1,1,1,1,1,1,1,1,1,1,1,0,0,3,10,3,2,5,4,17,3800.0,175.0,71.06,2.86,6.1,64.0,12464.0,222,Huawei P40 8GB/128GB Dual SIM
1,1,1,1,0,0,0,1,1,0,0,1,1,0,0,3,10,3,2,3,4,16,10000.0,370.0,85.5,2.0,6.3,85.0,7323.0,223,Doogee S88 PLUS
1,1,1,1,1,1,1,0,1,0,0,1,1,0,1,3,4,2,0,0,2,3,6500.0,265.0,76.8,2.0,5.7,83.0,5364.0,224,EVOLVEO StrongPhone G7
1,1,0,1,1,0,0,1,1,0,0,1,1,1,0,1,4,3,1,3,4,2,2900.0,188.0,77.9,2.34,5.5,90.0,8854.0,225,Apple iPhone 7 Plus 128GB
1,1,1,1,1,0,1,1,1,0,1,1,1,0,1,3,6,2,1,4,3,5,5000.0,226.0,77.0,2.0,5.7,76.0,5643.94,226,Aligator RX800 eXtremo
0,1,0,1,0,1,1,1,1,1,1,1,1,1,0,2,8,3,2,4,6,2,3687.0,226.0,78.1,3.1,6.7,100.0,31798.72,227,Apple iPhone 12 Pro Max 512GB
1,1,1,0,1,1,1,1,1,0,1,0,1,0,1,3,8,3,3,4,3,18,4500.0,199.8,76.4,2.05,6.53,95.0,6764.0,228,Xiaomi Redmi Note 8 Pro 6GB/64GB
2,1,1,0,1,1,1,1,1,0,0,0,1,0,1,3,6,3,1,3,3,7,3200.0,145.0,69.3,2.4,5.1,96.0,7723.0,229,Huawei P10 64GB Dual SIM
1,1,0,1,1,0,0,1,1,0,0,1,1,1,0,1,4,3,1,3,2,2,2900.0,188.0,77.9,2.34,5.5,95.0,7844.0,230,Apple iPhone 7 Plus 32GB
2,0,1,0,1,0,1,1,1,0,0,0,0,0,1,3,4,2,2,2,1,2,3000.0,147.0,72.4,2.1,5.2,92.0,4154.0,231,Huawei P9 Lite 2017 Dual SIM
1,1,1,0,1,1,1,1,1,0,0,0,1,0,1,3,6,3,3,4,4,18,5000.0,223.3,75.73,2.2,6.8,95.0,5864.0,232,Motorola Moto G9 Plus 4GB/128GB
1,1,1,1,0,1,1,1,1,0,1,1,0,0,1,1,4,1,1,1,2,1,4400.0,225.0,75.5,1.5,5.5,82.0,3373.0,233,iGET Blackview GBV5500 Plus
2,0,1,1,0,0,0,1,1,0,0,1,0,0,1,1,2,3,2,1,1,8,2600.0,129.0,64.9,2.5,4.6,90.0,3604.0,234,Sony Xperia Z3 Compact
0,1,1,0,1,1,1,1,1,0,0,0,1,0,1,3,8,2,3,4,4,18,5000.0,184.0,73.6,2.0,6.4,96.0,7424.0,235,Samsung Galaxy A32 SM-A325F 6GB/128GB
1,1,1,0,1,1,1,0,1,0,0,0,1,0,1,3,6,3,3,3,3,3,4000.0,180.0,76.6,2.0,6.55,89.0,4207.0,236,Nokia 5.3 4GB/64GB Dual SIM
1,1,1,0,1,1,1,1,1,0,0,0,1,0,1,3,8,3,3,4,4,18,4500.0,179.0,76.0,2.2,6.7,94.0,10153.0,237,Samsung Galaxy A71 A715F Dual SIM
2,0,1,0,0,0,0,1,1,0,0,0,0,0,1,1,1,3,2,1,1,1,1900.0,110.0,65.5,1.2,4.5,89.0,2663.0,238,Samsung Galaxy A3 A300F
1,1,0,0,1,0,0,1,1,0,0,0,1,1,0,0,2,3,0,3,3,2,4083.8198433420366,143.0,67.1,1.84,4.7,93.0,5073.0,239,Apple iPhone 6S 64GB
1,2,0,0,1,1,1,1,1,1,1,0,1,0,0,3,11,3,3,5,5,16,4115.0,184.0,73.3,2.4,6.44,93.0,10363.0,240,OnePlus Nord 12GB/256GB
1,1,1,1,0,1,1,1,1,0,0,1,0,0,1,3,6,2,1,4,3,3,5000.0,235.0,77.5,1.8,5.5,97.0,4264.0,241,Ulefone Armor X5 PRO
1,1,1,0,1,0,1,0,1,0,1,0,1,0,1,3,6,2,3,4,3,3,5000.0,214.0,74.0,2.0,6.52,96.0,3764.0,242,OUKITEL C23 Pro
1,1,0,0,1,1,0,1,1,1,1,0,1,0,0,3,10,4,3,5,5,19,4780.0,208.0,74.8,2.84,6.67,91.0,16162.0,243,Xiaomi Mi 10 8GB/256GB
1,1,1,0,1,1,1,1,1,0,1,0,0,0,1,3,6,2,2,4,3,12,3300.0,168.0,76.8,2.2,6.0,94.0,6534.0,244,Samsung Galaxy A7 (2018) A750F Dual SIM
1,1,1,1,1,1,1,1,1,0,1,1,1,0,1,3,6,2,2,4,4,5,5580.0,275.0,77.7,1.5,5.7,87.0,5064.0,245,iGET Blackview GBV5100
1,1,1,0,1,1,1,1,1,0,1,0,1,0,1,3,4,3,3,3,2,16,4000.0,199.8,75.4,2.0,6.3,92.0,5162.0,246,Xiaomi Redmi Note 8T 3GB/32GB
1,1,1,0,1,0,1,0,1,0,1,0,0,0,1,3,4,2,2,4,2,3,4000.0,165.0,74.6,1.5,6.22,92.0,3170.0,247,Alcatel 1S 2020 5028Y
1,1,0,0,1,1,1,1,1,0,1,0,1,0,1,3,8,3,3,4,4,18,5260.0,204.0,74.2,2.2,6.47,92.0,8664.0,248,Xiaomi Mi Note 10 Lite 6GB/128GB
1,1,0,0,1,1,1,1,1,1,1,0,1,0,1,3,8,4,3,5,4,18,4700.0,219.0,75.4,2.84,6.67,96.0,9854.0,249,Poco F2 Pro 6GB/128GB
2,1,0,0,1,0,0,0,1,0,0,0,1,1,1,0,0,2,0,1,1,1,1560.0,112.0,58.6,1.3,4.0,89.0,3163.0,250,Apple iPhone 5S 16GB
1,1,1,0,1,1,1,0,1,0,1,0,1,0,1,3,6,2,2,4,4,13,4000.0,166.0,74.7,2.3,6.4,92.0,8814.0,251,Samsung Galaxy A50 A505F 4GB/128GB Dual SIM
1,2,0,0,1,1,1,1,1,1,1,0,1,0,0,3,10,3,3,5,4,16,4115.0,184.0,73.3,2.4,6.44,85.0,8264.0,252,OnePlus Nord 8GB/128GB
1,1,1,1,1,1,0,1,1,0,1,1,1,0,0,3,8,1,2,4,4,9,6300.0,187.86045340050384,80.0,2.0,5.9,87.0,5654.0,253,Doogee S68 Pro 6GB/128GB
1,0,1,0,1,1,0,1,1,0,0,0,1,0,0,3,4,3,2,4,2,11,3300.0,171.0,70.0,2.2,5.2,95.0,4864.0,254,Sony Xperia XA2 Single SIM
1,1,0,0,1,1,1,1,1,0,0,0,1,0,0,3,11,3,2,4,5,2,4500.0,282.0,77.2,2.95,6.0,98.0,34854.0,255,Samsung Galaxy Z Fold 2 5G 12GB/256GB F916B
1,1,1,0,1,1,1,1,1,0,1,0,1,0,1,3,6,2,2,4,3,16,5000.0,200.0,75.73,2.0,6.5,88.0,5054.0,256,Motorola Moto G9 Play
1,1,1,0,1,1,1,0,1,0,0,0,1,0,1,3,8,3,3,4,4,18,5000.0,210.0,76.9,2.2,6.5,92.0,6363.0,257,Motorola One Fusion+
2,0,0,0,1,1,0,1,1,0,0,0,0,0,1,3,4,3,2,1,2,5,2600.0,132.0,70.1,2.1,5.1,91.0,5784.0,258,Samsung Galaxy S6 Edge G925 32GB
1,1,0,1,0,1,0,1,1,0,1,1,1,1,0,2,6,3,2,4,5,2,3969.0,226.0,77.8,2.65,6.5,98.0,28864.0,259,Apple iPhone 11 Pro Max 256GB
2,0,1,1,1,1,0,1,1,0,0,1,0,0,1,3,4,3,2,2,2,11,3430.0,181.0,76.0,2.0,5.5,94.0,4313.0,260,Sony Xperia Z5 Premium
1,1,0,1,1,1,1,1,1,1,1,1,1,0,0,3,10,3,3,4,4,16,4510.0,199.0,74.35,2.84,6.78,77.0,14864.0,261,OnePlus 8 Pro 8GB/128GB
1,0,0,1,1,0,0,1,1,0,0,1,1,1,0,1,2,3,2,3,5,2,1960.0,138.0,67.1,2.34,4.7,96.0,7544.0,262,Apple iPhone 7 256GB
1,1,0,1,0,1,1,1,1,0,0,1,1,1,0,2,6,3,1,4,5,2,2658.0,177.0,70.9,2.49,5.8,98.0,17823.0,263,Apple iPhone XS 256GB
2,0,1,0,0,0,0,1,1,0,0,0,0,0,1,1,2,3,2,1,1,0,2600.0,160.0,70.6,2.3,5.0,92.0,3164.0,264,HTC One M8
2,0,0,0,1,1,0,1,1,0,0,0,0,0,1,3,4,3,2,1,2,5,2550.0,138.0,70.5,2.1,5.1,90.0,5084.0,265,Samsung Galaxy S6 G920F 32GB
1,1,1,1,1,0,1,1,1,0,1,1,0,0,1,1,6,2,0,3,2,0,4000.0,223.8,78.9,1.8,5.0,84.0,3593.0,266,Ulefone Armor X7 Pro 4GB/32GB
2,0,1,0,1,1,1,0,1,0,0,0,0,0,1,3,2,2,2,2,1,3,3000.0,158.0,76.3,1.5,5.5,91.0,2964.0,267,Honor 5X Dual SIM 2GB/16GB
2,0,1,0,0,0,1,1,1,0,0,0,0,0,1,3,2,2,2,1,1,3,2200.0,131.0,70.6,1.2,5.0,90.0,3414.0,268,Huawei P8 Lite 2015 Dual SIM
1,1,1,0,1,1,1,1,1,0,0,0,1,0,1,3,4,2,2,3,2,3,5000.0,198.0,75.9,1.8,6.5,86.0,4434.0,269,Samsung Galaxy A02s A025G 3GB/32GB Dual SIM
1,1,1,1,1,1,1,1,1,0,0,0,1,0,0,3,6,3,0,4,3,6,2870.0,168.0,65.0,2.7,5.0,89.0,13464.0,270,Sony Xperia XZ2 Compact Dual SIM
1,1,1,0,1,1,1,1,1,0,1,0,1,0,1,3,4,2,3,4,2,16,5000.0,192.0,75.3,2.0,6.5,93.0,6319.0,271,Samsung Galaxy A21s 3GB/32GB
1,1,1,1,1,1,1,1,1,0,1,1,1,0,1,3,10,2,3,4,4,1,6600.0,320.0,82.0,2.2,6.3,91.0,12724.0,272,UleFone Armor 9
1,1,0,0,1,0,0,1,1,0,0,0,1,1,1,0,2,3,0,3,1,2,4083.8198433420366,113.0,58.6,1.84,4.0,93.0,4069.0,273,Apple iPhone SE 16GB
2,0,1,1,1,0,0,1,1,0,0,1,0,0,1,1,2,3,2,1,1,5,2800.0,145.0,72.5,2.5,5.1,89.0,4164.0,274,Samsung Galaxy S5 G900
1,1,0,0,1,0,0,1,1,0,0,0,1,1,0,0,0,2,0,1,3,1,4083.8198433420366,129.0,67.0,1.4,4.7,91.0,4463.0,275,Apple iPhone 6 64GB
1,1,0,0,1,1,1,1,1,0,1,0,1,0,1,3,8,3,2,4,3,16,4000.0,191.0,74.3,2.84,6.39,95.0,9449.0,276,Xiaomi Mi 9T Pro 6GB/64GB
2,0,1,0,0,0,1,1,1,0,0,0,0,0,1,2,4,3,2,2,2,5,3000.0,155.0,76.2,1.8,5.5,91.0,4364.0,277,LG G4 Dual SIM H818
1,1,1,0,1,0,1,1,1,0,1,0,1,0,1,3,6,3,2,4,3,5,3500.0,180.0,75.15,1.8,6.3,95.0,4373.0,278,Nokia 6.2 4GB/64GB Dual SIM
2,2,1,0,1,1,1,1,1,0,0,0,1,0,1,3,6,2,1,3,2,2,3000.0,153.0,71.0,2.3,5.2,93.0,4659.0,279,Honor 8 32GB Dual SIM
2,1,1,0,1,0,1,1,1,0,0,0,0,0,1,3,4,2,0,2,1,3,3600.0,181.0,74.8,1.6,5.5,93.0,5494.0,280,Samsung Galaxy J7 2017 J730F Dual SIM
1,1,1,0,1,1,1,1,1,1,0,0,1,0,1,3,6,3,3,4,4,16,5000.0,193.0,75.9,2.2,6.6,97.0,8664.0,281,Samsung Galaxy A42 A426B 5G 4GB/128GB Dual SIM
1,0,0,0,1,0,0,1,1,0,0,0,1,1,0,0,0,2,2,1,1,1,4083.8198433420366,129.0,67.0,1.4,4.7,86.0,3863.0,282,Apple iPhone 6 16GB
1,1,1,0,1,1,1,0,1,0,1,0,0,0,1,3,6,2,2,3,3,3,4000.0,175.0,75.2,1.6,6.22,85.0,3664.0,283,Alcatel 1SE 2020 5030F
2,0,1,0,0,0,0,1,1,0,0,0,0,0,1,1,2,2,2,1,1,3,2600.0,130.0,69.8,1.9,5.0,83.0,2354.0,284,Samsung Galaxy S4 I9505 16GB
1,1,1,0,1,1,1,1,1,1,0,0,1,0,1,3,8,3,3,5,3,18,4820.0,214.5,76.8,2.2,6.67,92.0,7023.0,285,Xiaomi Mi 10T Lite 6GB/64GB
2,0,0,0,1,0,0,0,1,0,0,0,1,1,1,0,0,3,2,1,3,1,1560.0,112.0,58.6,1.3,4.0,87.0,3654.0,286,Apple iPhone 5S 64GB
1,1,0,0,1,1,1,1,1,1,1,0,1,0,1,3,8,3,3,5,4,16,4160.0,192.0,74.77,2.4,6.57,99.0,8514.0,287,Xiaomi Mi 10 Lite 6GB/128GB
2,1,1,1,1,1,1,1,1,0,0,0,1,0,1,3,6,3,0,4,3,2,3500.0,173.0,73.4,2.3,6.2,93.0,9184.0,288,Samsung Galaxy S8+ G955F 64GB
1,1,1,0,0,0,1,0,1,0,0,0,0,0,1,1,2,2,0,3,2,1,3000.0,168.0,71.6,1.3,5.5,66.0,2820.0,289,Alcatel 1B 2020 5002H
1,1,1,0,1,0,1,1,1,0,0,0,1,0,0,3,6,3,3,3,4,16,4000.0,181.0,76.0,2.0,6.39,85.0,5273.0,290,Nokia 5.4 4GB/128GB
2,2,1,1,1,1,1,1,1,0,0,1,1,0,1,3,6,2,0,4,2,5,3000.0,172.0,70.6,2.2,5.6,93.0,7514.0,291,Samsung Galaxy A8 2018 A530F Dual SIM
2,1,1,0,0,1,0,1,1,0,0,0,1,0,1,3,4,2,0,3,2,11,2300.0,143.0,67.0,2.3,5.0,89.0,3824.0,292,Sony Xperia XA1 Single SIM
1,1,1,1,1,0,0,1,1,0,0,0,1,0,1,3,6,3,0,4,2,6,2700.0,143.0,65.0,2.45,4.6,89.0,10824.0,293,Sony Xperia XZ1 Compact Single SIM
2,0,1,1,0,0,0,1,1,0,0,1,0,0,1,1,2,2,2,1,1,8,2300.0,137.0,64.9,2.2,4.3,91.0,3354.0,294,Sony Xperia Z1 Compact
2,0,0,0,0,0,0,0,1,0,0,0,1,1,1,0,0,2,2,1,3,1,1440.0,112.0,58.6,1.3,4.0,81.0,3263.0,295,Apple iPhone 5 64GB
1,1,1,0,0,0,1,0,1,0,0,0,0,0,1,1,2,2,2,3,1,3,4350.0,189.0,77.4,1.3,6.52,96.0,3264.0,296,Doogee X95 2020
2,0,1,1,1,0,0,1,1,0,0,1,1,0,1,3,6,3,2,4,3,6,3230.0,191.0,77.0,2.45,5.5,98.0,7864.0,297,Sony Xperia XZ Premium Single SIM
1,1,0,0,1,0,0,1,1,0,0,0,1,1,1,0,2,3,0,3,4,2,4083.8198433420366,192.0,77.9,1.84,5.5,92.0,6724.0,298,Apple iPhone 6S Plus 128GB
1,1,0,0,1,0,0,1,1,0,0,0,1,1,1,0,2,3,0,3,2,2,4083.8198433420366,192.0,77.9,1.84,5.5,97.0,5924.0,299,Apple iPhone 6S Plus 32GB
1,1,1,0,1,1,1,0,1,0,0,0,1,0,1,3,10,3,3,4,4,16,5000.0,196.5,75.4,2.05,6.5,94.0,7024.0,300,Realme 7 8GB/128GB
1,1,1,0,1,0,1,0,1,0,1,0,1,0,1,3,4,2,2,3,2,3,4000.0,183.0,77.5,1.8,6.5,93.0,5164.0,301,Samsung Galaxy A20s SM-207F 3GB/32GB Dual SIM
2,0,1,0,0,0,0,1,1,0,0,0,0,0,1,1,4,3,2,1,2,3,3000.0,150.0,74.6,2.5,5.5,91.0,3304.0,302,LG G3 D855 32GB
1,1,1,0,1,1,1,0,1,0,0,0,1,0,1,3,6,3,2,4,3,5,4000.0,188.3,75.8,2.0,6.4,95.0,4762.0,303,Motorola Moto G8 4GB/64GB Dual SIM
1,1,1,0,1,0,1,0,1,0,0,0,0,0,1,3,6,2,2,4,3,16,4000.0,176.0,76.13,2.2,6.39,76.0,5664.0,304,Huawei P40 Lite E 4GB/64GB Dual SIM
2,0,1,0,0,0,0,1,1,0,0,0,0,0,1,1,1,1,2,2,0,1,2600.0,138.0,71.0,1.5,5.0,87.0,3254.0,305,Samsung Galaxy J3 2016 J320F Single SIM
2,0,1,0,1,0,0,1,1,0,0,0,0,0,1,3,2,2,2,1,1,3,4100.0,185.0,81.0,1.8,6.0,95.0,3824.0,306,Huawei Mate 7
2,2,1,0,1,1,1,1,1,0,0,0,0,0,1,3,4,2,2,2,2,2,3340.0,162.0,76.2,2.1,5.5,93.0,4784.0,307,Honor 6X 3GB/32GB Dual SIM
1,1,1,0,0,0,1,1,1,0,1,0,0,0,1,3,2,2,0,4,2,3,3400.0,168.0,75.8,1.6,6.2,91.0,5224.0,308,Samsung Galaxy A10 A105F Dual SIM
2,0,1,0,1,1,0,1,1,0,0,0,0,0,1,1,4,3,2,1,2,5,3220.0,176.0,78.6,2.7,5.7,92.0,5184.0,309,Samsung Galaxy Note 4 N910
1,1,1,0,1,0,1,1,1,0,0,0,0,0,1,3,4,2,0,3,2,5,3000.0,162.0,70.8,1.6,5.6,89.0,5314.0,310,Samsung Galaxy A6 A600F Dual SIM
2,0,1,0,0,0,0,1,1,0,0,0,0,0,1,1,2,3,2,1,1,3,2300.0,123.0,69.7,1.2,5.0,92.0,3443.0,311,Samsung Galaxy A5 A500F
1,1,0,0,1,0,0,1,1,0,0,0,1,1,1,0,0,2,0,3,2,1,4083.8198433420366,129.0,67.0,1.4,4.7,93.0,4063.0,312,Apple iPhone 6 32GB
1,1,1,1,1,1,1,1,1,0,1,1,1,0,0,3,10,2,2,5,4,16,8000.0,360.0,81.0,2.2,6.53,82.0,8373.0,313,Oukitel WP7
1,1,1,1,1,1,1,0,1,1,1,1,1,0,0,1,6,3,0,3,2,3,8000.0,300.0,74.0,1.8,5.5,87.0,4573.0,314,OUKITEL WP5 4GB/32GB
1,1,0,1,1,0,1,1,1,1,1,1,1,0,0,3,11,3,3,5,5,16,4510.0,199.0,72.9,2.84,6.78,84.0,17487.81,315,OnePlus 8 Pro 12GB/256GB
1,1,1,1,1,1,1,1,1,0,0,1,1,0,1,3,6,2,2,4,3,5,5580.0,282.0,81.8,2.0,6.1,87.0,4814.0,316,Ulefone Armor 8
2,0,1,1,1,1,0,1,1,0,0,1,0,0,1,3,4,3,2,2,2,11,2900.0,154.0,72.0,2.0,5.2,90.0,3823.0,317,Sony Xperia Z5
1,1,1,1,1,1,1,1,1,0,1,1,1,0,0,3,10,3,2,3,4,16,5150.0,285.0,79.3,2.2,6.3,69.0,7159.0,318,Doogee S95 Pro 8GB/128GB
1,1,1,1,0,0,1,0,1,0,0,1,1,0,0,1,4,2,0,3,2,3,2000.0,187.86045340050384,58.0,2.0,4.0,85.0,3322.0,319,Cubot King Kong Mini
1,1,1,0,1,1,1,1,1,1,1,0,1,0,1,3,10,3,3,4,4,18,4500.0,220.0,78.6,2.4,6.81,73.0,12374.0,320,Nokia 8.3 8GB/128GB
1,1,1,1,1,1,1,1,1,0,0,1,1,0,0,3,6,3,0,4,3,6,3330.0,193.0,73.0,2.7,6.0,99.0,13764.0,321,Sony Xperia XZ3 Dual SIM
2,0,1,1,1,1,0,1,1,0,0,1,1,0,1,1,4,3,2,3,2,11,2900.0,161.0,72.0,2.15,5.2,94.0,4703.0,322,Sony Xperia XZ Single SIM
1,1,0,0,1,1,1,0,1,1,1,0,1,0,1,3,8,3,1,4,4,2,3350.0,169.0,75.8,2.2,6.26,95.0,6663.0,323,Xiaomi Mi 8 Lite 6GB/128GB
2,0,1,0,0,1,0,1,1,0,0,0,0,0,1,1,1,2,2,2,1,3,2300.0,132.0,65.2,1.5,4.7,89.0,4764.0,324,Samsung Galaxy A3 2016 A310F
1,1,1,1,1,1,1,0,1,0,1,1,0,0,1,3,6,2,2,3,4,16,10000.0,375.0,81.0,2.1,6.3,68.0,6364.0,325,Oukitel WP6
2,0,0,0,0,0,0,0,1,0,0,0,1,1,1,0,0,2,2,1,1,1,1440.0,112.0,58.6,1.3,4.0,82.0,2863.0,326,Apple iPhone 5 16GB
1,1,1,0,1,1,1,0,1,0,1,0,1,0,1,3,8,3,3,4,4,16,5020.0,209.0,76.68,2.3,6.67,94.0,6938.0,327,Xiaomi Redmi Note 9S 6GB/128GB Dual SIM
1,1,1,0,1,0,1,1,1,0,0,0,1,0,1,3,6,3,1,4,3,3,3800.0,183.0,75.64,2.2,6.0,89.0,5723.0,328,Nokia 7 Plus Dual SIM
1,1,1,1,1,1,1,1,1,1,0,0,1,0,0,3,11,4,3,4,4,18,4500.0,186.0,73.7,2.7,6.7,96.0,20063.0,329,Samsung Galaxy S20+ 5G G986B 12GB/128GB Dual SIM
1,1,1,1,1,1,1,1,1,0,1,1,0,0,1,3,4,2,1,4,2,3,5000.0,235.0,77.5,1.8,5.5,88.0,3849.0,330,UleFone Armor X5 2020
2,0,1,1,0,0,0,1,1,0,0,1,0,0,1,1,4,3,2,1,1,8,3200.0,163.0,73.3,2.3,5.2,92.0,3224.0,331,Sony Xperia Z2
1,1,1,0,1,1,1,1,1,0,1,0,1,0,1,3,4,2,2,3,2,3,5000.0,197.0,76.3,1.8,6.4,88.0,4891.02,332,Samsung Galaxy M11 3GB/32GB
1,1,1,1,1,1,1,1,1,0,1,1,1,0,1,3,8,3,1,2,4,16,6580.0,322.0,81.0,2.1,6.3,61.0,12164.0,333,iGET Blackview GBV9800 Pro
2,0,1,1,0,0,0,1,1,0,0,1,0,0,1,1,4,2,2,1,1,8,3100.0,152.0,72.0,2.5,5.2,89.0,4124.0,334,Sony Xperia Z3
1,2,1,0,1,1,1,0,1,0,0,0,1,0,1,3,6,2,1,3,3,7,3750.0,172.0,75.3,2.2,6.3,98.0,6164.0,335,Huawei Mate 20 Lite Dual SIM
1,1,0,0,1,0,1,1,1,0,1,0,1,0,0,3,8,3,1,4,3,2,3400.0,175.0,74.8,2.8,6.21,90.0,7124.0,336,Xiaomi Mi 8 6GB/64GB
1,1,0,1,1,1,0,1,1,0,0,1,1,1,0,2,4,3,1,4,5,2,2691.0,202.0,78.1,2.1,5.5,95.0,16810.0,337,Apple iPhone 8 Plus 256GB
2,0,1,0,0,1,0,1,1,0,0,0,0,0,1,3,4,3,2,2,2,7,2840.0,157.0,69.7,2.0,5.0,90.0,3744.0,338,HTC One M9
1,1,0,0,1,0,0,1,1,0,0,0,1,1,1,0,2,3,0,3,1,2,4083.8198433420366,143.0,67.1,1.84,4.7,91.0,4354.0,339,Apple iPhone 6S 16GB
2,0,1,0,0,0,0,1,1,0,0,0,0,0,1,1,2,2,2,2,1,3,3100.0,158.0,72.3,1.2,5.2,90.0,3673.0,340,Samsung Galaxy J5 2016 J510F Single SIM
1,1,1,0,1,1,0,1,1,0,0,0,1,0,1,3,6,3,1,4,3,2,3000.0,163.0,68.7,2.7,5.8,96.0,12324.0,341,Samsung Galaxy S9 G960F 64GB Single SIM
1,0,0,0,1,0,0,1,1,0,0,0,1,1,1,0,0,2,2,1,4,1,4083.8198433420366,129.0,67.0,1.4,4.7,89.0,4763.0,342,Apple iPhone 6 128GB
1,2,1,0,1,1,1,1,1,0,0,0,1,0,1,3,6,3,0,4,2,11,3580.0,221.0,80.0,2.2,6.0,96.0,7194.0,343,Sony Xperia XA2 Ultra Dual SIM
2,0,1,0,0,1,0,1,1,0,0,0,0,0,1,2,4,3,2,1,2,5,3000.0,157.0,75.3,1.8,5.5,91.0,3984.0,344,LG G4 H815
1,2,1,0,1,1,1,1,1,0,1,0,1,0,1,3,10,3,3,5,4,18,4300.0,202.0,75.8,2.3,6.6,93.0,7274.0,345,Realme 6 Pro 8GB/128GB Dual SIM
2,0,1,1,1,0,0,1,1,0,0,1,1,0,1,0,6,3,2,3,2,6,2900.0,161.0,73.88050377833751,2.15,5.2,94.0,5984.0,346,Sony Xperia XZs
1,1,0,0,1,0,0,1,1,0,0,0,1,1,1,0,0,2,0,3,3,1,2915.0,172.0,77.8,1.4,5.5,92.0,5224.0,347,Apple iPhone 6 Plus 64GB
1,1,1,0,0,0,1,0,0,0,1,0,0,0,1,1,0,3,2,1,1,1,3500.0,177.5,73.7,1.3,6.1,87.0,3364.0,348,UleFone Note 7
2,1,1,0,0,1,0,1,1,0,0,0,1,0,1,3,6,2,0,3,2,11,2700.0,188.0,79.0,2.3,6.0,93.0,6244.0,349,Sony Xperia XA1 Ultra Single SIM
1,0,1,0,1,1,1,0,1,0,1,0,0,0,1,3,6,2,1,4,3,2,4000.0,182.0,76.4,1.8,6.26,94.0,5224.0,350,Xiaomi Redmi Note 6 Pro 4GB/64GB
1,1,1,1,1,0,1,1,1,0,0,1,0,0,1,1,4,2,1,1,2,1,4650.0,240.0,79.4,1.5,5.5,82.0,3764.0,351,Doogee S40 3GB/32GB
2,1,1,0,1,1,0,1,1,0,0,0,0,0,1,2,4,2,0,3,2,11,2620.0,152.0,69.4,1.8,5.0,91.0,5034.0,352,Sony Xperia X Single SIM
1,1,1,0,1,0,1,1,1,0,0,0,1,0,1,3,4,2,0,4,2,5,3000.0,187.86045340050384,75.8,2.2,5.5,88.0,6293.0,353,Nokia 6.1 3GB/32GB Dual SIM
2,0,0,0,1,0,0,1,1,0,0,0,0,0,1,3,2,3,2,1,2,2,1860.0,115.0,65.5,1.8,4.7,90.0,3644.0,354,Samsung Galaxy Alpha G850
1,1,0,1,0,1,0,1,1,0,0,1,1,1,0,2,6,3,2,4,6,2,3969.0,226.0,77.8,2.65,6.5,100.0,30247.78,355,Apple iPhone 11 Pro Max 512GB
1,1,0,0,1,1,1,1,1,1,1,0,1,0,1,3,8,3,3,5,3,16,4160.0,192.0,74.77,2.4,6.57,86.0,7540.0,356,Xiaomi Mi 10 Lite 6GB/64GB
1,1,1,0,1,0,1,1,1,0,0,0,1,0,1,3,6,2,1,3,3,5,4000.0,196.8,77.3,2.2,6.59,93.0,5264.0,357,Huawei P Smart Z Dual SIM
2,0,1,0,1,1,0,1,1,0,0,0,1,0,1,3,6,3,2,3,3,7,3200.0,145.0,73.88050377833751,2.4,5.1,91.0,7724.0,358,Huawei P10 64GB Single SIM
1,1,0,0,1,0,0,1,1,0,0,0,1,1,1,0,0,2,0,3,1,1,2915.0,172.0,77.8,1.4,5.5,77.0,4724.0,359,Apple iPhone 6 Plus 16GB
1,1,1,1,1,1,1,0,1,0,1,1,1,0,0,3,6,2,2,3,3,3,3900.0,176.0,75.3,2.0,6.35,75.0,4004.0,360,Oukitel C17 Pro
1,2,1,0,1,0,1,0,1,0,0,0,0,0,1,3,6,2,1,3,4,5,3340.0,169.0,75.2,2.2,6.3,92.0,7871.0,361,Huawei Nova 3i 4GB/128GB
1,2,1,0,1,1,1,1,1,1,1,0,1,0,1,3,8,3,3,5,4,16,5000.0,207.0,74.0,2.4,6.7,82.0,10172.0,362,Motorola Moto G 5G Plus
1,1,1,1,1,1,0,1,1,0,0,1,1,0,1,3,6,3,0,4,3,6,2700.0,156.0,73.0,2.35,5.2,89.0,10314.0,363,Sony Xperia XZ1 Single SIM
1,1,1,0,1,1,1,0,1,1,1,0,1,0,1,3,8,3,1,4,4,2,4000.0,182.0,75.2,2.8,6.18,95.0,8073.0,364,Xiaomi Pocophone F1 6GB/128GB
1,1,1,0,1,1,1,1,1,0,0,0,1,0,1,3,8,3,3,4,4,12,3800.0,183.0,77.0,2.2,6.3,93.0,8644.279999999999,365,Samsung Galaxy A9 A920F (2018) Dual SIM
1,1,1,1,0,0,1,1,1,0,0,1,0,0,1,1,0,1,0,1,1,1,4400.0,234.0,77.4,1.3,5.5,84.0,3564.0,366,myPhone Hammer Iron 3
1,1,1,1,1,1,1,1,1,0,0,1,1,0,0,3,10,3,2,4,4,16,5500.0,290.0,81.0,2.2,6.3,95.0,8091.0,367,UleFone Armor 7
1,1,1,1,1,1,1,1,1,0,1,1,1,0,0,3,6,2,0,4,3,16,5000.0,246.0,79.0,2.0,6.2,86.0,8324.0,368,EVOLVEO StrongPhone G9
2,0,0,0,1,0,0,0,1,0,0,0,1,1,1,0,0,3,2,1,2,1,1560.0,112.0,58.6,1.3,4.0,92.0,3464.0,369,Apple iPhone 5S 32GB
1,2,1,0,1,1,0,1,1,0,0,0,1,0,1,3,6,3,1,4,3,3,3090.0,160.0,73.7,2.5,5.3,89.0,8324.0,370,Nokia 8 Single SIM
2,0,1,0,1,1,0,1,1,0,0,0,1,0,1,2,6,3,1,3,2,5,2800.0,159.0,73.9,2.1,5.3,87.0,6164.0,371,LG G5 H850
2,0,0,0,0,0,0,0,1,0,0,0,1,1,1,0,0,2,2,1,2,1,1440.0,112.0,58.6,1.3,4.0,80.0,3064.0,372,Apple iPhone 5 32GB
1,1,1,0,1,1,1,0,1,1,1,0,1,0,1,3,6,3,1,4,3,2,3350.0,169.0,75.8,2.2,6.26,96.0,6564.0,373,Xiaomi Mi 8 Lite 4GB/64GB
1,0,0,0,1,0,0,1,1,0,0,0,1,1,1,0,2,3,2,3,3,2,4083.8198433420366,192.0,77.9,1.84,5.5,93.0,9414.0,374,Apple iPhone 6S Plus 64GB
2,0,1,1,1,1,0,1,1,0,0,1,1,0,1,1,6,3,2,3,2,3,3300.0,163.0,71.9,2.35,5.7,92.0,6864.0,375,LG G6 H870 32GB Single SIM
1,1,1,1,1,1,1,0,1,0,0,1,0,0,1,3,6,2,1,1,3,3,5500.0,265.0,77.8,1.5,5.5,89.0,4819.0,376,Doogee S55 4GB/64GB
1,0,1,0,1,0,0,1,1,0,0,0,1,0,1,3,6,3,1,4,3,3,3800.0,183.0,75.64,2.2,6.0,91.0,5464.0,377,Nokia 7 Plus Single SIM
1,1,1,1,1,1,1,1,1,0,0,1,1,0,0,3,8,2,3,3,4,3,4380.0,230.0,78.2,2.1,5.7,83.0,7863.0,378,iGET BLACKVIEW GBV6300 Pro
1,1,1,0,1,1,1,0,1,0,0,0,0,0,1,3,6,2,2,3,3,5,5000.0,200.0,75.76,2.3,6.5,88.0,4173.0,379,Motorola Moto G8 Power Lite 4GB/64GB Dual SIM
1,1,1,0,0,1,1,0,1,0,0,0,1,0,1,3,6,2,3,4,4,16,5000.0,199.0,75.4,2.0,6.5,92.0,7035.0,380,Realme 6i 4GB/128GB Dual SIM
2,0,1,0,1,0,1,1,1,0,0,0,0,0,1,3,2,2,2,2,1,3,3000.0,160.0,72.5,1.4,5.2,82.0,5343.0,381,Nokia 5 Dual SIM
2,1,1,0,0,0,0,1,1,0,0,0,1,0,1,1,2,2,0,3,1,3,2620.0,180.0,74.0,1.45,5.5,90.0,3424.0,382,Sony Xperia L1 Single SIM
2,0,1,1,0,0,0,1,1,0,0,1,0,0,1,1,2,2,2,1,1,4,2330.0,146.0,71.0,1.5,5.0,88.0,3354.0,383,Sony Xperia Z
1,1,1,0,1,0,1,0,1,0,0,0,1,0,1,3,6,3,2,4,3,5,4500.0,188.0,76.7,2.0,6.52,75.0,4264.0,384,UleFone Note 9P
2,0,1,0,0,0,0,1,1,0,0,0,0,0,1,1,1,2,2,2,1,3,2300.0,147.0,69.0,1.3,5.0,89.0,3184.0,385,Sony Xperia E5
1,1,0,1,0,1,0,1,1,0,0,1,1,1,0,2,4,3,0,4,5,2,2942.0,194.0,75.7,2.49,6.1,98.0,19583.0,386,Apple iPhone XR 256GB
1,1,0,0,1,0,0,1,1,0,0,0,1,1,1,0,2,3,0,3,1,2,4083.8198433420366,192.0,77.9,1.84,5.5,91.0,5573.0,387,Apple iPhone 6S Plus 16GB
1,0,0,1,1,1,0,1,1,0,0,1,0,0,0,3,6,3,2,4,3,1,2700.0,143.0,73.88050377833751,2.35,5.0,96.0,7864.0,388,Google Pixel 2 64GB
2,0,1,0,1,1,1,0,1,0,0,0,0,0,0,3,8,3,2,1,3,5,4080.0,207.0,73.88050377833751,2.3,5.99,79.0,5581.0,389,Oukitel Mix 2 6GB/64GB
1,1,0,1,0,1,1,1,1,0,0,1,1,1,0,2,6,3,1,4,6,2,2658.0,177.0,70.9,2.49,5.8,77.0,19354.0,390,Apple iPhone XS 512GB
1,1,1,1,1,1,1,1,1,0,0,1,1,0,0,3,10,3,3,4,5,16,4380.0,273.0,78.3,2.2,5.84,92.0,14163.0,391,iGET Blackview GBV9900
2,0,1,1,1,1,0,1,1,0,0,0,0,0,1,1,4,2,2,3,2,11,2700.0,165.0,70.5,2.15,5.0,85.0,6034.0,392,Sony Xperia X Performance Single SIM
2,0,1,1,0,1,1,1,1,0,0,1,0,0,1,3,4,3,2,2,2,3,3800.0,223.0,73.4,1.5,4.7,75.0,10111.0,393,Caterpillar CAT S60 Dual SIM
2,1,1,0,1,0,1,0,1,0,0,0,0,0,1,1,2,0,1,1,1,1,3000.0,184.0,90.0,1.3,5.3,87.0,3359.0,394,UleFone S8 Pro
1,1,1,0,1,1,1,0,1,0,1,0,0,0,1,3,6,2,2,3,2,5,4150.0,203.0,75.9,2.0,6.3,87.0,4902.0,395,UMiDIGI A5 Pro
2,0,1,1,0,0,1,1,1,0,0,1,0,0,1,3,4,2,2,2,1,10,2600.0,142.5,72.0,2.0,5.0,93.0,6034.0,396,Sony Xperia M5 Dual SIM
1,1,1,1,1,1,1,0,1,0,1,1,1,0,0,1,6,2,2,3,2,3,8000.0,280.0,74.0,1.8,5.5,50.0,3864.0,397,OUKITEL WP5 32GB/3GB
1,1,1,1,0,0,1,1,1,0,0,1,0,0,1,1,4,2,0,4,2,1,5580.0,261.0,78.1,2.0,5.7,83.0,4863.0,398,iGET Blackview GBV4900 3GB/32GB
2,0,1,0,0,0,1,0,1,0,0,0,0,0,1,1,2,3,2,1,1,0,3000.0,182.0,78.6,1.5,5.5,83.0,3764.0,399,Doogee X6 Pro
2,0,1,0,1,1,1,0,1,0,0,0,0,0,1,3,4,2,2,1,1,5,3000.0,184.0,76.6,1.4,5.5,84.0,6199.0,400,Archos Diamond Selfie Lite
2,0,1,0,0,0,1,0,1,0,0,0,0,0,1,1,2,3,2,1,1,3,2600.0,166.0,79.0,1.0,5.5,92.0,6372.0,401,iGET Blackview ALIFE P1 PRO
